Afghanistan,AF
Albania,AL
Algeria,DZ
American Samoa,AS
Andorra,AD
Angola,AO
Anguilla,AI
Antarctica,AQ
Antigua and Barbuda,AG
Argentina,AR
Armenia,AM
Aruba,AW
Australia,AU
Austria,AT
Azerbaijan,AZ
Bahamas,BS
"The Bahamas",BS
"Bahamas, The",BS
Bahrain,BH
Bangladesh,BD
Barbados,BB
Belarus,BY
Belgium,BE
Belize,BZ
Benin,BJ
Bermuda,BM
Bhutan,BT
"Bolivia, Plurinational State of",BO
Bolivia,BO
Bosnia and Herzegovina,BA
Botswana,BW
Bouvet Island,BV
Brazil,BR
British Indian Ocean Territory,IO
Brunei Darussalam,BN
Brunei,BN
Bulgaria,BG
Burkina Faso,BF
Burundi,BI
Cambodia,KH
Cameroon,CM
Canada,CA
Cape Verde,CV
Cayman Islands,KY
Central African Republic,CF
Chad,TD
Chile,CL
China,CN
"Mainland China",CN
Christmas Island,CX
Cocos (Keeling) Islands,CC
Colombia,CO
Comoros,KM
Congo,CG
"Republic of the Congo",CG
"Congo (Brazzaville)",CG
"Congo (Kinshasa)",CG
"Congo, the Democratic Republic of the",CD
Cook Islands,CK
Costa Rica,CR
Côte d'Ivoire,CI
"Cote d'Ivoire",CI
Ivory Coast,CI
Croatia,HR
Cuba,CU
Cyprus,CY
Czech Republic,CZ
Czechia,CZ
Curacao,CW
Denmark,DK
Djibouti,DJ
Dominica,DM
Dominican Republic,DO
Ecuador,EC
Egypt,EG
El Salvador,SV
Equatorial Guinea,GQ
Eritrea,ER
Estonia,EE
Ethiopia,ET
Falkland Islands (Malvinas),FK
Faroe Islands,FO
Fiji,FJ
Finland,FI
France,FR
French Guiana,GF
French Polynesia,PF
French Southern Territories,TF
Gabon,GA
Gambia,GM
"The Gambia",GM
"Gambia, The",GM
Georgia,GE
Germany,DE
Ghana,GH
Gibraltar,GI
Greece,GR
Greenland,GL
Grenada,GD
Guadeloupe,GP
Guam,GU
Guatemala,GT
Guernsey,GG
Guinea,GN
Guinea-Bissau,GW
Guyana,GY
Haiti,HT
Heard Island and McDonald Islands,HM
Holy See (Vatican City State),VA
Holy See,VA
Honduras,HN
Hong Kong,HK
"Hong Kong SAR",HK
Hungary,HU
Iceland,IS
India,IN
Indonesia,ID
"Iran, Islamic Republic of",IR
"Iran (Islamic Republic of)",IR
Iran,IR
Iraq,IQ
Ireland,IE
Isle of Man,IM
Israel,IL
Italy,IT
Jamaica,JM
Japan,JP
Jersey,JE
Jordan,JO
Kazakhstan,KZ
Kenya,KE
Kiribati,KI
"Korea, Democratic People's Republic of",KP
"Korea, Republic of",KR
South Korea,KR
"Korea, South",KR
Kuwait,KW
Kyrgyzstan,KG
Lao People's Democratic Republic,LA
Latvia,LV
Lebanon,LB
Lesotho,LS
Liberia,LR
Libyan Arab Jamahiriya,LY
Libya,LY
Liechtenstein,LI
Lithuania,LT
Luxembourg,LU
Macao,MO
Macau,MO
"Macao SAR",MO
"Macedonia, the former Yugoslav Republic of",MK
"North Macedonia",MK
Madagascar,MG
Malawi,MW
Malaysia,MY
Maldives,MV
Mali,ML
Malta,MT
Marshall Islands,MH
Martinique,MQ
Mauritania,MR
Mauritius,MU
Mayotte,YT
Mexico,MX
"Micronesia, Federated States of",FM
"Moldova, Republic of",MD
Moldova,MD
Monaco,MC
Mongolia,MN
Montenegro,ME
Montserrat,MS
Morocco,MA
Mozambique,MZ
Myanmar,MM
Burma,MM
Namibia,NA
Nauru,NR
Nepal,NP
Netherlands,NL
Netherlands Antilles,AN
New Caledonia,NC
New Zealand,NZ
Nicaragua,NI
Niger,NE
Nigeria,NG
Niue,NU
Norfolk Island,NF
Northern Mariana Islands,MP
Norway,NO
Oman,OM
Pakistan,PK
Palau,PW
"Palestinian Territory, Occupied",PS
Palestine,PS
Panama,PA
Papua New Guinea,PG
Paraguay,PY
Peru,PE
Philippines,PH
Pitcairn,PN
Poland,PL
Portugal,PT
Puerto Rico,PR
Qatar,QA
Réunion,RE
Reunion,RE
Romania,RO
Russian Federation,RU
Russia,RU
Rwanda,RW
"Saint Helena, Ascension and Tristan da Cunha",SH
Saint Kitts and Nevis,KN
Saint Lucia,LC
Saint Pierre and Miquelon,PM
Saint Vincent and the Grenadines,VC
Saint Vincent & the Grenadines,VC
St. Vincent and the Grenadines,VC
Samoa,WS
San Marino,SM
Sao Tome and Principe,ST
Saudi Arabia,SA
Senegal,SN
Serbia,RS
Seychelles,SC
Sierra Leone,SL
Singapore,SG
Slovakia,SK
Slovenia,SI
Solomon Islands,SB
Somalia,SO
South Africa,ZA
South Georgia and the South Sandwich Islands,GS
Spain,ES
Sri Lanka,LK
Sudan,SD
Suriname,SR
Svalbard and Jan Mayen,SJ
Swaziland,SZ
Eswatini,SZ
Sweden,SE
Switzerland,CH
Syrian Arab Republic,SY
"Taiwan, Province of China",TW
Taiwan,TW
Taiwan*,TW
"Taipei and environs",TW
Tajikistan,TJ
"Tanzania, United Republic of",TZ
Tanzania,TZ
Thailand,TH
Timor-Leste,TL
Togo,TG
Tokelau,TK
Tonga,TO
Trinidad and Tobago,TT
Trinidad & Tobago,TT
Tunisia,TN
Turkey,TR
Turkmenistan,TM
Turks and Caicos Islands,TC
Tuvalu,TV
Uganda,UG
Ukraine,UA
United Arab Emirates,AE
United Kingdom,GB
United States,US
United States Minor Outlying Islands,UM
Uruguay,UY
Uzbekistan,UZ
Vanuatu,VU
"Venezuela, Bolivarian Republic of",VE
Venezuela,VE
Viet Nam,VN
Vietnam,VN
"Virgin Islands, British",VG
"Virgin Islands, U.S.",VI
Wallis and Futuna,WF
Western Sahara,EH
Yemen,YE
Zambia,ZM
Zimbabwe,ZW
Kosovo,XK
